seed,test_id,statistic,category,count
104729,CT-PBT-01,subtracao,CE-S0,477
104729,CT-PBT-01,subtracao,CE-S1,405
104729,CT-PBT-01,subtracao,CE-S2,118
104729,CT-PBT-01,magnitude,CE-M4,609
104729,CT-PBT-01,magnitude,CE-M3,250
104729,CT-PBT-01,magnitude,CE-M2,83
104729,CT-PBT-01,magnitude,CE-M1,58
104729,CT-PBT-01,centro-ou-extremo,outros,940
104729,CT-PBT-01,centro-ou-extremo,9,11
104729,CT-PBT-01,centro-ou-extremo,90,10
104729,CT-PBT-01,centro-ou-extremo,900,8
104729,CT-PBT-01,centro-ou-extremo,4,8
104729,CT-PBT-01,centro-ou-extremo,1,7
104729,CT-PBT-01,centro-ou-extremo,40,7
104729,CT-PBT-01,centro-ou-extremo,3999,6
104729,CT-PBT-01,centro-ou-extremo,400,3
104729,CT-PBT-02,subtracao,CE-S0,477
104729,CT-PBT-02,subtracao,CE-S1,405
104729,CT-PBT-02,subtracao,CE-S2,118
104729,CT-PBT-02,magnitude,CE-M4,609
104729,CT-PBT-02,magnitude,CE-M3,250
104729,CT-PBT-02,magnitude,CE-M2,83
104729,CT-PBT-02,magnitude,CE-M1,58
104729,CT-PBT-02,centro-ou-extremo,outros,940
104729,CT-PBT-02,centro-ou-extremo,9,11
104729,CT-PBT-02,centro-ou-extremo,90,10
104729,CT-PBT-02,centro-ou-extremo,900,8
104729,CT-PBT-02,centro-ou-extremo,4,8
104729,CT-PBT-02,centro-ou-extremo,1,7
104729,CT-PBT-02,centro-ou-extremo,40,7
104729,CT-PBT-02,centro-ou-extremo,3999,6
104729,CT-PBT-02,centro-ou-extremo,400,3
104729,CT-PBT-03,subtracao,CE-S0,477
104729,CT-PBT-03,subtracao,CE-S1,405
104729,CT-PBT-03,subtracao,CE-S2,118
104729,CT-PBT-03,magnitude,CE-M4,609
104729,CT-PBT-03,magnitude,CE-M3,250
104729,CT-PBT-03,magnitude,CE-M2,83
104729,CT-PBT-03,magnitude,CE-M1,58
104729,CT-PBT-03,centro-ou-extremo,outros,940
104729,CT-PBT-03,centro-ou-extremo,9,11
104729,CT-PBT-03,centro-ou-extremo,90,10
104729,CT-PBT-03,centro-ou-extremo,900,8
104729,CT-PBT-03,centro-ou-extremo,4,8
104729,CT-PBT-03,centro-ou-extremo,1,7
104729,CT-PBT-03,centro-ou-extremo,40,7
104729,CT-PBT-03,centro-ou-extremo,3999,6
104729,CT-PBT-03,centro-ou-extremo,400,3
104729,CT-PBT-04,subtracao,CE-S0,477
104729,CT-PBT-04,subtracao,CE-S1,405
104729,CT-PBT-04,subtracao,CE-S2,118
104729,CT-PBT-04,magnitude,CE-M4,609
104729,CT-PBT-04,magnitude,CE-M3,250
104729,CT-PBT-04,magnitude,CE-M2,83
104729,CT-PBT-04,magnitude,CE-M1,58
104729,CT-PBT-04,centro-ou-extremo,outros,940
104729,CT-PBT-04,centro-ou-extremo,9,11
104729,CT-PBT-04,centro-ou-extremo,90,10
104729,CT-PBT-04,centro-ou-extremo,900,8
104729,CT-PBT-04,centro-ou-extremo,4,8
104729,CT-PBT-04,centro-ou-extremo,1,7
104729,CT-PBT-04,centro-ou-extremo,40,7
104729,CT-PBT-04,centro-ou-extremo,3999,6
104729,CT-PBT-04,centro-ou-extremo,400,3
104729,CT-PBT-05,subtracao,CE-S0,477
104729,CT-PBT-05,subtracao,CE-S1,405
104729,CT-PBT-05,subtracao,CE-S2,118
104729,CT-PBT-05,magnitude,CE-M4,609
104729,CT-PBT-05,magnitude,CE-M3,250
104729,CT-PBT-05,magnitude,CE-M2,83
104729,CT-PBT-05,magnitude,CE-M1,58
104729,CT-PBT-05,centro-ou-extremo,outros,940
104729,CT-PBT-05,centro-ou-extremo,9,11
104729,CT-PBT-05,centro-ou-extremo,90,10
104729,CT-PBT-05,centro-ou-extremo,900,8
104729,CT-PBT-05,centro-ou-extremo,4,8
104729,CT-PBT-05,centro-ou-extremo,1,7
104729,CT-PBT-05,centro-ou-extremo,40,7
104729,CT-PBT-05,centro-ou-extremo,3999,6
104729,CT-PBT-05,centro-ou-extremo,400,3
104729,CT-PBT-06,subtracao,CE-S0,477
104729,CT-PBT-06,subtracao,CE-S1,405
104729,CT-PBT-06,subtracao,CE-S2,118
104729,CT-PBT-06,magnitude,CE-M4,609
104729,CT-PBT-06,magnitude,CE-M3,250
104729,CT-PBT-06,magnitude,CE-M2,83
104729,CT-PBT-06,magnitude,CE-M1,58
104729,CT-PBT-06,centro-ou-extremo,outros,940
104729,CT-PBT-06,centro-ou-extremo,9,11
104729,CT-PBT-06,centro-ou-extremo,90,10
104729,CT-PBT-06,centro-ou-extremo,900,8
104729,CT-PBT-06,centro-ou-extremo,4,8
104729,CT-PBT-06,centro-ou-extremo,1,7
104729,CT-PBT-06,centro-ou-extremo,40,7
104729,CT-PBT-06,centro-ou-extremo,3999,6
104729,CT-PBT-06,centro-ou-extremo,400,3
2024,CT-PBT-01,subtracao,CE-S0,454
2024,CT-PBT-01,subtracao,CE-S1,411
2024,CT-PBT-01,subtracao,CE-S2,135
2024,CT-PBT-01,magnitude,CE-M4,631
2024,CT-PBT-01,magnitude,CE-M3,236
2024,CT-PBT-01,magnitude,CE-M2,70
2024,CT-PBT-01,magnitude,CE-M1,63
2024,CT-PBT-01,centro-ou-extremo,outros,932
2024,CT-PBT-01,centro-ou-extremo,9,13
2024,CT-PBT-01,centro-ou-extremo,3999,12
2024,CT-PBT-01,centro-ou-extremo,900,10
2024,CT-PBT-01,centro-ou-extremo,400,8
2024,CT-PBT-01,centro-ou-extremo,4,8
2024,CT-PBT-01,centro-ou-extremo,90,6
2024,CT-PBT-01,centro-ou-extremo,40,6
2024,CT-PBT-01,centro-ou-extremo,1,5
2024,CT-PBT-02,subtracao,CE-S0,454
2024,CT-PBT-02,subtracao,CE-S1,411
2024,CT-PBT-02,subtracao,CE-S2,135
2024,CT-PBT-02,magnitude,CE-M4,631
2024,CT-PBT-02,magnitude,CE-M3,236
2024,CT-PBT-02,magnitude,CE-M2,70
2024,CT-PBT-02,magnitude,CE-M1,63
2024,CT-PBT-02,centro-ou-extremo,outros,932
2024,CT-PBT-02,centro-ou-extremo,9,13
2024,CT-PBT-02,centro-ou-extremo,3999,12
2024,CT-PBT-02,centro-ou-extremo,900,10
2024,CT-PBT-02,centro-ou-extremo,400,8
2024,CT-PBT-02,centro-ou-extremo,4,8
2024,CT-PBT-02,centro-ou-extremo,90,6
2024,CT-PBT-02,centro-ou-extremo,40,6
2024,CT-PBT-02,centro-ou-extremo,1,5
2024,CT-PBT-03,subtracao,CE-S0,454
2024,CT-PBT-03,subtracao,CE-S1,411
2024,CT-PBT-03,subtracao,CE-S2,135
2024,CT-PBT-03,magnitude,CE-M4,631
2024,CT-PBT-03,magnitude,CE-M3,236
2024,CT-PBT-03,magnitude,CE-M2,70
2024,CT-PBT-03,magnitude,CE-M1,63
2024,CT-PBT-03,centro-ou-extremo,outros,932
2024,CT-PBT-03,centro-ou-extremo,9,13
2024,CT-PBT-03,centro-ou-extremo,3999,12
2024,CT-PBT-03,centro-ou-extremo,900,10
2024,CT-PBT-03,centro-ou-extremo,400,8
2024,CT-PBT-03,centro-ou-extremo,4,8
2024,CT-PBT-03,centro-ou-extremo,90,6
2024,CT-PBT-03,centro-ou-extremo,40,6
2024,CT-PBT-03,centro-ou-extremo,1,5
2024,CT-PBT-04,subtracao,CE-S0,454
2024,CT-PBT-04,subtracao,CE-S1,411
2024,CT-PBT-04,subtracao,CE-S2,135
2024,CT-PBT-04,magnitude,CE-M4,631
2024,CT-PBT-04,magnitude,CE-M3,236
2024,CT-PBT-04,magnitude,CE-M2,70
2024,CT-PBT-04,magnitude,CE-M1,63
2024,CT-PBT-04,centro-ou-extremo,outros,932
2024,CT-PBT-04,centro-ou-extremo,9,13
2024,CT-PBT-04,centro-ou-extremo,3999,12
2024,CT-PBT-04,centro-ou-extremo,900,10
2024,CT-PBT-04,centro-ou-extremo,400,8
2024,CT-PBT-04,centro-ou-extremo,4,8
2024,CT-PBT-04,centro-ou-extremo,90,6
2024,CT-PBT-04,centro-ou-extremo,40,6
2024,CT-PBT-04,centro-ou-extremo,1,5
2024,CT-PBT-05,subtracao,CE-S0,454
2024,CT-PBT-05,subtracao,CE-S1,411
2024,CT-PBT-05,subtracao,CE-S2,135
2024,CT-PBT-05,magnitude,CE-M4,631
2024,CT-PBT-05,magnitude,CE-M3,236
2024,CT-PBT-05,magnitude,CE-M2,70
2024,CT-PBT-05,magnitude,CE-M1,63
2024,CT-PBT-05,centro-ou-extremo,outros,932
2024,CT-PBT-05,centro-ou-extremo,9,13
2024,CT-PBT-05,centro-ou-extremo,3999,12
2024,CT-PBT-05,centro-ou-extremo,900,10
2024,CT-PBT-05,centro-ou-extremo,400,8
2024,CT-PBT-05,centro-ou-extremo,4,8
2024,CT-PBT-05,centro-ou-extremo,90,6
2024,CT-PBT-05,centro-ou-extremo,40,6
2024,CT-PBT-05,centro-ou-extremo,1,5
2024,CT-PBT-06,subtracao,CE-S0,454
2024,CT-PBT-06,subtracao,CE-S1,411
2024,CT-PBT-06,subtracao,CE-S2,135
2024,CT-PBT-06,magnitude,CE-M4,631
2024,CT-PBT-06,magnitude,CE-M3,236
2024,CT-PBT-06,magnitude,CE-M2,70
2024,CT-PBT-06,magnitude,CE-M1,63
2024,CT-PBT-06,centro-ou-extremo,outros,932
2024,CT-PBT-06,centro-ou-extremo,9,13
2024,CT-PBT-06,centro-ou-extremo,3999,12
2024,CT-PBT-06,centro-ou-extremo,900,10
2024,CT-PBT-06,centro-ou-extremo,400,8
2024,CT-PBT-06,centro-ou-extremo,4,8
2024,CT-PBT-06,centro-ou-extremo,90,6
2024,CT-PBT-06,centro-ou-extremo,40,6
2024,CT-PBT-06,centro-ou-extremo,1,5
2026,CT-PBT-01,subtracao,CE-S0,492
2026,CT-PBT-01,subtracao,CE-S1,379
2026,CT-PBT-01,subtracao,CE-S2,129
2026,CT-PBT-01,magnitude,CE-M4,619
2026,CT-PBT-01,magnitude,CE-M3,244
2026,CT-PBT-01,magnitude,CE-M2,79
2026,CT-PBT-01,magnitude,CE-M1,58
2026,CT-PBT-01,centro-ou-extremo,outros,936
2026,CT-PBT-01,centro-ou-extremo,400,13
2026,CT-PBT-01,centro-ou-extremo,9,9
2026,CT-PBT-01,centro-ou-extremo,3999,9
2026,CT-PBT-01,centro-ou-extremo,40,8
2026,CT-PBT-01,centro-ou-extremo,900,8
2026,CT-PBT-01,centro-ou-extremo,90,7
2026,CT-PBT-01,centro-ou-extremo,1,7
2026,CT-PBT-01,centro-ou-extremo,4,3
2026,CT-PBT-02,subtracao,CE-S0,492
2026,CT-PBT-02,subtracao,CE-S1,379
2026,CT-PBT-02,subtracao,CE-S2,129
2026,CT-PBT-02,magnitude,CE-M4,619
2026,CT-PBT-02,magnitude,CE-M3,244
2026,CT-PBT-02,magnitude,CE-M2,79
2026,CT-PBT-02,magnitude,CE-M1,58
2026,CT-PBT-02,centro-ou-extremo,outros,936
2026,CT-PBT-02,centro-ou-extremo,400,13
2026,CT-PBT-02,centro-ou-extremo,9,9
2026,CT-PBT-02,centro-ou-extremo,3999,9
2026,CT-PBT-02,centro-ou-extremo,40,8
2026,CT-PBT-02,centro-ou-extremo,900,8
2026,CT-PBT-02,centro-ou-extremo,90,7
2026,CT-PBT-02,centro-ou-extremo,1,7
2026,CT-PBT-02,centro-ou-extremo,4,3
2026,CT-PBT-03,subtracao,CE-S0,492
2026,CT-PBT-03,subtracao,CE-S1,379
2026,CT-PBT-03,subtracao,CE-S2,129
2026,CT-PBT-03,magnitude,CE-M4,619
2026,CT-PBT-03,magnitude,CE-M3,244
2026,CT-PBT-03,magnitude,CE-M2,79
2026,CT-PBT-03,magnitude,CE-M1,58
2026,CT-PBT-03,centro-ou-extremo,outros,936
2026,CT-PBT-03,centro-ou-extremo,400,13
2026,CT-PBT-03,centro-ou-extremo,9,9
2026,CT-PBT-03,centro-ou-extremo,3999,9
2026,CT-PBT-03,centro-ou-extremo,40,8
2026,CT-PBT-03,centro-ou-extremo,900,8
2026,CT-PBT-03,centro-ou-extremo,90,7
2026,CT-PBT-03,centro-ou-extremo,1,7
2026,CT-PBT-03,centro-ou-extremo,4,3
2026,CT-PBT-04,subtracao,CE-S0,492
2026,CT-PBT-04,subtracao,CE-S1,379
2026,CT-PBT-04,subtracao,CE-S2,129
2026,CT-PBT-04,magnitude,CE-M4,619
2026,CT-PBT-04,magnitude,CE-M3,244
2026,CT-PBT-04,magnitude,CE-M2,79
2026,CT-PBT-04,magnitude,CE-M1,58
2026,CT-PBT-04,centro-ou-extremo,outros,936
2026,CT-PBT-04,centro-ou-extremo,400,13
2026,CT-PBT-04,centro-ou-extremo,9,9
2026,CT-PBT-04,centro-ou-extremo,3999,9
2026,CT-PBT-04,centro-ou-extremo,40,8
2026,CT-PBT-04,centro-ou-extremo,900,8
2026,CT-PBT-04,centro-ou-extremo,90,7
2026,CT-PBT-04,centro-ou-extremo,1,7
2026,CT-PBT-04,centro-ou-extremo,4,3
2026,CT-PBT-05,subtracao,CE-S0,492
2026,CT-PBT-05,subtracao,CE-S1,379
2026,CT-PBT-05,subtracao,CE-S2,129
2026,CT-PBT-05,magnitude,CE-M4,619
2026,CT-PBT-05,magnitude,CE-M3,244
2026,CT-PBT-05,magnitude,CE-M2,79
2026,CT-PBT-05,magnitude,CE-M1,58
2026,CT-PBT-05,centro-ou-extremo,outros,936
2026,CT-PBT-05,centro-ou-extremo,400,13
2026,CT-PBT-05,centro-ou-extremo,9,9
2026,CT-PBT-05,centro-ou-extremo,3999,9
2026,CT-PBT-05,centro-ou-extremo,40,8
2026,CT-PBT-05,centro-ou-extremo,900,8
2026,CT-PBT-05,centro-ou-extremo,90,7
2026,CT-PBT-05,centro-ou-extremo,1,7
2026,CT-PBT-05,centro-ou-extremo,4,3
2026,CT-PBT-06,subtracao,CE-S0,492
2026,CT-PBT-06,subtracao,CE-S1,379
2026,CT-PBT-06,subtracao,CE-S2,129
2026,CT-PBT-06,magnitude,CE-M4,619
2026,CT-PBT-06,magnitude,CE-M3,244
2026,CT-PBT-06,magnitude,CE-M2,79
2026,CT-PBT-06,magnitude,CE-M1,58
2026,CT-PBT-06,centro-ou-extremo,outros,936
2026,CT-PBT-06,centro-ou-extremo,400,13
2026,CT-PBT-06,centro-ou-extremo,9,9
2026,CT-PBT-06,centro-ou-extremo,3999,9
2026,CT-PBT-06,centro-ou-extremo,40,8
2026,CT-PBT-06,centro-ou-extremo,900,8
2026,CT-PBT-06,centro-ou-extremo,90,7
2026,CT-PBT-06,centro-ou-extremo,1,7
2026,CT-PBT-06,centro-ou-extremo,4,3
3999,CT-PBT-01,subtracao,CE-S0,485
3999,CT-PBT-01,subtracao,CE-S1,399
3999,CT-PBT-01,subtracao,CE-S2,116
3999,CT-PBT-01,magnitude,CE-M4,640
3999,CT-PBT-01,magnitude,CE-M3,230
3999,CT-PBT-01,magnitude,CE-M2,77
3999,CT-PBT-01,magnitude,CE-M1,53
3999,CT-PBT-01,centro-ou-extremo,outros,935
3999,CT-PBT-01,centro-ou-extremo,400,13
3999,CT-PBT-01,centro-ou-extremo,40,10
3999,CT-PBT-01,centro-ou-extremo,4,9
3999,CT-PBT-01,centro-ou-extremo,3999,7
3999,CT-PBT-01,centro-ou-extremo,9,7
3999,CT-PBT-01,centro-ou-extremo,1,7
3999,CT-PBT-01,centro-ou-extremo,90,6
3999,CT-PBT-01,centro-ou-extremo,900,6
3999,CT-PBT-02,subtracao,CE-S0,485
3999,CT-PBT-02,subtracao,CE-S1,399
3999,CT-PBT-02,subtracao,CE-S2,116
3999,CT-PBT-02,magnitude,CE-M4,640
3999,CT-PBT-02,magnitude,CE-M3,230
3999,CT-PBT-02,magnitude,CE-M2,77
3999,CT-PBT-02,magnitude,CE-M1,53
3999,CT-PBT-02,centro-ou-extremo,outros,935
3999,CT-PBT-02,centro-ou-extremo,400,13
3999,CT-PBT-02,centro-ou-extremo,40,10
3999,CT-PBT-02,centro-ou-extremo,4,9
3999,CT-PBT-02,centro-ou-extremo,3999,7
3999,CT-PBT-02,centro-ou-extremo,9,7
3999,CT-PBT-02,centro-ou-extremo,1,7
3999,CT-PBT-02,centro-ou-extremo,90,6
3999,CT-PBT-02,centro-ou-extremo,900,6
3999,CT-PBT-03,subtracao,CE-S0,485
3999,CT-PBT-03,subtracao,CE-S1,399
3999,CT-PBT-03,subtracao,CE-S2,116
3999,CT-PBT-03,magnitude,CE-M4,640
3999,CT-PBT-03,magnitude,CE-M3,230
3999,CT-PBT-03,magnitude,CE-M2,77
3999,CT-PBT-03,magnitude,CE-M1,53
3999,CT-PBT-03,centro-ou-extremo,outros,935
3999,CT-PBT-03,centro-ou-extremo,400,13
3999,CT-PBT-03,centro-ou-extremo,40,10
3999,CT-PBT-03,centro-ou-extremo,4,9
3999,CT-PBT-03,centro-ou-extremo,3999,7
3999,CT-PBT-03,centro-ou-extremo,9,7
3999,CT-PBT-03,centro-ou-extremo,1,7
3999,CT-PBT-03,centro-ou-extremo,90,6
3999,CT-PBT-03,centro-ou-extremo,900,6
3999,CT-PBT-04,subtracao,CE-S0,485
3999,CT-PBT-04,subtracao,CE-S1,399
3999,CT-PBT-04,subtracao,CE-S2,116
3999,CT-PBT-04,magnitude,CE-M4,640
3999,CT-PBT-04,magnitude,CE-M3,230
3999,CT-PBT-04,magnitude,CE-M2,77
3999,CT-PBT-04,magnitude,CE-M1,53
3999,CT-PBT-04,centro-ou-extremo,outros,935
3999,CT-PBT-04,centro-ou-extremo,400,13
3999,CT-PBT-04,centro-ou-extremo,40,10
3999,CT-PBT-04,centro-ou-extremo,4,9
3999,CT-PBT-04,centro-ou-extremo,3999,7
3999,CT-PBT-04,centro-ou-extremo,9,7
3999,CT-PBT-04,centro-ou-extremo,1,7
3999,CT-PBT-04,centro-ou-extremo,90,6
3999,CT-PBT-04,centro-ou-extremo,900,6
3999,CT-PBT-05,subtracao,CE-S0,485
3999,CT-PBT-05,subtracao,CE-S1,399
3999,CT-PBT-05,subtracao,CE-S2,116
3999,CT-PBT-05,magnitude,CE-M4,640
3999,CT-PBT-05,magnitude,CE-M3,230
3999,CT-PBT-05,magnitude,CE-M2,77
3999,CT-PBT-05,magnitude,CE-M1,53
3999,CT-PBT-05,centro-ou-extremo,outros,935
3999,CT-PBT-05,centro-ou-extremo,400,13
3999,CT-PBT-05,centro-ou-extremo,40,10
3999,CT-PBT-05,centro-ou-extremo,4,9
3999,CT-PBT-05,centro-ou-extremo,3999,7
3999,CT-PBT-05,centro-ou-extremo,9,7
3999,CT-PBT-05,centro-ou-extremo,1,7
3999,CT-PBT-05,centro-ou-extremo,90,6
3999,CT-PBT-05,centro-ou-extremo,900,6
3999,CT-PBT-06,subtracao,CE-S0,485
3999,CT-PBT-06,subtracao,CE-S1,399
3999,CT-PBT-06,subtracao,CE-S2,116
3999,CT-PBT-06,magnitude,CE-M4,640
3999,CT-PBT-06,magnitude,CE-M3,230
3999,CT-PBT-06,magnitude,CE-M2,77
3999,CT-PBT-06,magnitude,CE-M1,53
3999,CT-PBT-06,centro-ou-extremo,outros,935
3999,CT-PBT-06,centro-ou-extremo,400,13
3999,CT-PBT-06,centro-ou-extremo,40,10
3999,CT-PBT-06,centro-ou-extremo,4,9
3999,CT-PBT-06,centro-ou-extremo,3999,7
3999,CT-PBT-06,centro-ou-extremo,9,7
3999,CT-PBT-06,centro-ou-extremo,1,7
3999,CT-PBT-06,centro-ou-extremo,90,6
3999,CT-PBT-06,centro-ou-extremo,900,6
42,CT-PBT-01,subtracao,CE-S0,468
42,CT-PBT-01,subtracao,CE-S1,410
42,CT-PBT-01,subtracao,CE-S2,122
42,CT-PBT-01,magnitude,CE-M4,622
42,CT-PBT-01,magnitude,CE-M3,248
42,CT-PBT-01,magnitude,CE-M2,73
42,CT-PBT-01,magnitude,CE-M1,57
42,CT-PBT-01,centro-ou-extremo,outros,954
42,CT-PBT-01,centro-ou-extremo,9,8
42,CT-PBT-01,centro-ou-extremo,90,7
42,CT-PBT-01,centro-ou-extremo,40,6
42,CT-PBT-01,centro-ou-extremo,3999,6
42,CT-PBT-01,centro-ou-extremo,400,5
42,CT-PBT-01,centro-ou-extremo,4,5
42,CT-PBT-01,centro-ou-extremo,1,5
42,CT-PBT-01,centro-ou-extremo,900,4
42,CT-PBT-02,subtracao,CE-S0,468
42,CT-PBT-02,subtracao,CE-S1,410
42,CT-PBT-02,subtracao,CE-S2,122
42,CT-PBT-02,magnitude,CE-M4,622
42,CT-PBT-02,magnitude,CE-M3,248
42,CT-PBT-02,magnitude,CE-M2,73
42,CT-PBT-02,magnitude,CE-M1,57
42,CT-PBT-02,centro-ou-extremo,outros,954
42,CT-PBT-02,centro-ou-extremo,9,8
42,CT-PBT-02,centro-ou-extremo,90,7
42,CT-PBT-02,centro-ou-extremo,40,6
42,CT-PBT-02,centro-ou-extremo,3999,6
42,CT-PBT-02,centro-ou-extremo,400,5
42,CT-PBT-02,centro-ou-extremo,4,5
42,CT-PBT-02,centro-ou-extremo,1,5
42,CT-PBT-02,centro-ou-extremo,900,4
42,CT-PBT-03,subtracao,CE-S0,468
42,CT-PBT-03,subtracao,CE-S1,410
42,CT-PBT-03,subtracao,CE-S2,122
42,CT-PBT-03,magnitude,CE-M4,622
42,CT-PBT-03,magnitude,CE-M3,248
42,CT-PBT-03,magnitude,CE-M2,73
42,CT-PBT-03,magnitude,CE-M1,57
42,CT-PBT-03,centro-ou-extremo,outros,954
42,CT-PBT-03,centro-ou-extremo,9,8
42,CT-PBT-03,centro-ou-extremo,90,7
42,CT-PBT-03,centro-ou-extremo,40,6
42,CT-PBT-03,centro-ou-extremo,3999,6
42,CT-PBT-03,centro-ou-extremo,400,5
42,CT-PBT-03,centro-ou-extremo,4,5
42,CT-PBT-03,centro-ou-extremo,1,5
42,CT-PBT-03,centro-ou-extremo,900,4
42,CT-PBT-04,subtracao,CE-S0,468
42,CT-PBT-04,subtracao,CE-S1,410
42,CT-PBT-04,subtracao,CE-S2,122
42,CT-PBT-04,magnitude,CE-M4,622
42,CT-PBT-04,magnitude,CE-M3,248
42,CT-PBT-04,magnitude,CE-M2,73
42,CT-PBT-04,magnitude,CE-M1,57
42,CT-PBT-04,centro-ou-extremo,outros,954
42,CT-PBT-04,centro-ou-extremo,9,8
42,CT-PBT-04,centro-ou-extremo,90,7
42,CT-PBT-04,centro-ou-extremo,40,6
42,CT-PBT-04,centro-ou-extremo,3999,6
42,CT-PBT-04,centro-ou-extremo,400,5
42,CT-PBT-04,centro-ou-extremo,4,5
42,CT-PBT-04,centro-ou-extremo,1,5
42,CT-PBT-04,centro-ou-extremo,900,4
42,CT-PBT-05,subtracao,CE-S0,468
42,CT-PBT-05,subtracao,CE-S1,410
42,CT-PBT-05,subtracao,CE-S2,122
42,CT-PBT-05,magnitude,CE-M4,622
42,CT-PBT-05,magnitude,CE-M3,248
42,CT-PBT-05,magnitude,CE-M2,73
42,CT-PBT-05,magnitude,CE-M1,57
42,CT-PBT-05,centro-ou-extremo,outros,954
42,CT-PBT-05,centro-ou-extremo,9,8
42,CT-PBT-05,centro-ou-extremo,90,7
42,CT-PBT-05,centro-ou-extremo,40,6
42,CT-PBT-05,centro-ou-extremo,3999,6
42,CT-PBT-05,centro-ou-extremo,400,5
42,CT-PBT-05,centro-ou-extremo,4,5
42,CT-PBT-05,centro-ou-extremo,1,5
42,CT-PBT-05,centro-ou-extremo,900,4
42,CT-PBT-06,subtracao,CE-S0,468
42,CT-PBT-06,subtracao,CE-S1,410
42,CT-PBT-06,subtracao,CE-S2,122
42,CT-PBT-06,magnitude,CE-M4,622
42,CT-PBT-06,magnitude,CE-M3,248
42,CT-PBT-06,magnitude,CE-M2,73
42,CT-PBT-06,magnitude,CE-M1,57
42,CT-PBT-06,centro-ou-extremo,outros,954
42,CT-PBT-06,centro-ou-extremo,9,8
42,CT-PBT-06,centro-ou-extremo,90,7
42,CT-PBT-06,centro-ou-extremo,40,6
42,CT-PBT-06,centro-ou-extremo,3999,6
42,CT-PBT-06,centro-ou-extremo,400,5
42,CT-PBT-06,centro-ou-extremo,4,5
42,CT-PBT-06,centro-ou-extremo,1,5
42,CT-PBT-06,centro-ou-extremo,900,4
