seed,test_id,tries,checks,discarded,mode
104729,CT-PBT-01,1000,1000,0,RANDOMIZED
104729,CT-PBT-02,1000,1000,0,RANDOMIZED
104729,CT-PBT-03,1000,1000,0,RANDOMIZED
104729,CT-PBT-04,1000,1000,0,RANDOMIZED
104729,CT-PBT-05,1000,1000,0,RANDOMIZED
104729,CT-PBT-06,1000,1000,0,RANDOMIZED
2024,CT-PBT-01,1000,1000,0,RANDOMIZED
2024,CT-PBT-02,1000,1000,0,RANDOMIZED
2024,CT-PBT-03,1000,1000,0,RANDOMIZED
2024,CT-PBT-04,1000,1000,0,RANDOMIZED
2024,CT-PBT-05,1000,1000,0,RANDOMIZED
2024,CT-PBT-06,1000,1000,0,RANDOMIZED
2026,CT-PBT-01,1000,1000,0,RANDOMIZED
2026,CT-PBT-02,1000,1000,0,RANDOMIZED
2026,CT-PBT-03,1000,1000,0,RANDOMIZED
2026,CT-PBT-04,1000,1000,0,RANDOMIZED
2026,CT-PBT-05,1000,1000,0,RANDOMIZED
2026,CT-PBT-06,1000,1000,0,RANDOMIZED
3999,CT-PBT-01,1000,1000,0,RANDOMIZED
3999,CT-PBT-02,1000,1000,0,RANDOMIZED
3999,CT-PBT-03,1000,1000,0,RANDOMIZED
3999,CT-PBT-04,1000,1000,0,RANDOMIZED
3999,CT-PBT-05,1000,1000,0,RANDOMIZED
3999,CT-PBT-06,1000,1000,0,RANDOMIZED
42,CT-PBT-01,1000,1000,0,RANDOMIZED
42,CT-PBT-02,1000,1000,0,RANDOMIZED
42,CT-PBT-03,1000,1000,0,RANDOMIZED
42,CT-PBT-04,1000,1000,0,RANDOMIZED
42,CT-PBT-05,1000,1000,0,RANDOMIZED
42,CT-PBT-06,1000,1000,0,RANDOMIZED
